[
  {
    "country": "Афганистан",
    "capital": "Кабул"
  },
  {
    "country": "Албания",
    "capital": "Тирана"
  },
  {
    "country": "Алжир",
    "capital": "Алжир"
  },
  {
    "country": "Андорра",
    "capital": "Андорра-ла-Велья"
  },
  {
    "country": "Ангола",
    "capital": "Луанда"
  },
  {
    "country": "Антигуа и Барбуда",
    "capital": "Сент-Джонс"
  },
  {
    "country": "Аргентина",
    "capital": "Буэнос-Айрес"
  },
  {
    "country": "Армения",
    "capital": "Ереван"
  },
  {
    "country": "Австралия",
    "capital": "Канберра"
  },
  {
    "country": "Австрия",
    "capital": "Вена"
  },
  {
    "country": "Азербайджан",
    "capital": "Баку"
  },
  {
    "country": "Багамы",
    "capital": "Нассау"
  },
  {
    "country": "Бахрейн",
    "capital": "Манама"
  },
  {
    "country": "Бангладеш",
    "capital": "Дакка"
  },
  {
    "country": "Барбадос",
    "capital": "Бриджтаун"
  },
  {
    "country": "Беларусь",
    "capital": "Минск"
  },
  {
    "country": "Бельгия",
    "capital": "Брюссель"
  },
  {
    "country": "Белиз",
    "capital": "Бельмопан"
  },
  {
    "country": "Бенин",
    "capital": "Порто-Ново"
  },
  {
    "country": "Бутан",
    "capital": "Тхимпху"
  },
  {
    "country": "Боливия",
    "capital": "Сукре"
  },
  {
    "country": "Босния и Герцеговина",
    "capital": "Сараево"
  },
  {
    "country": "Ботсвана",
    "capital": "Габороне"
  },
  {
    "country": "Бразилия",
    "capital": "Бразилиа"
  },
  {
    "country": "Бруней",
    "capital": "Бандар-Сери-Бегаван"
  },
  {
    "country": "Болгария",
    "capital": "София"
  },
  {
    "country": "Буркина-Фасо",
    "capital": "Уагадугу"
  },
  {
    "country": "Бурунди",
    "capital": "Бужумбура"
  },
  {
    "country": "Кабо-Верде",
    "capital": "Прая"
  },
  {
    "country": "Камбоджа",
    "capital": "Пномпень"
  },
  {
    "country": "Камерун",
    "capital": "Яунде"
  },
  {
    "country": "Канада",
    "capital": "Оттава"
  },
  {
    "country": "Центральноафриканская Республика",
    "capital": "Банги"
  },
  {
    "country": "Чад",
    "capital": "Нджамена"
  },
  {
    "country": "Чили",
    "capital": "Сантьяго"
  },
  {
    "country": "Китай",
    "capital": "Пекин"
  },
  {
    "country": "Колумбия",
    "capital": "Богота"
  },
  {
    "country": "Коморы",
    "capital": "Морони"
  },
  {
    "country": "Коста-Рика",
    "capital": "Сан-Хосе"
  },
  {
    "country": "Хорватия",
    "capital": "Загреб"
  },
  {
    "country": "Куба",
    "capital": "Гавана"
  },
  {
    "country": "Кипр",
    "capital": "Никосия"
  },
  {
    "country": "Чехия",
    "capital": "Прага"
  },
  {
    "country": "Демократическая Республика Конго",
    "capital": "Киншаса"
  },
  {
    "country": "Дания",
    "capital": "Копенгаген"
  },
  {
    "country": "Джибути",
    "capital": "Джибути"
  },
  {
    "country": "Доминика",
    "capital": "Розо"
  },
  {
    "country": "Доминиканская Республика",
    "capital": "Санто-Доминго"
  },
  {
    "country": "Восточный Тимор",
    "capital": "Дили"
  },
  {
    "country": "Эквадор",
    "capital": "Кито"
  },
  {
    "country": "Египет",
    "capital": "Каир"
  },
  {
    "country": "Сальвадор",
    "capital": "Сан-Сальвадор"
  },
  {
    "country": "Экваториальная Гвинея",
    "capital": "Малабо"
  },
  {
    "country": "Эритрея",
    "capital": "Асмэра"
  },
  {
    "country": "Эстония",
    "capital": "Таллин"
  },
  {
    "country": "Эсватини",
    "capital": "Мбабане"
  },
  {
    "country": "Эфиопия",
    "capital": "Аддис-Абеба"
  },
  {
    "country": "Фиджи",
    "capital": "Сува"
  },
  {
    "country": "Финляндия",
    "capital": "Хельсинки"
  },
  {
    "country": "Франция",
    "capital": "Париж"
  },
  {
    "country": "Габон",
    "capital": "Либревиль"
  },
  {"country": "Гамбия",
    "capital": "Банжул"
  },
  {
    "country": "Грузия",
    "capital": "Тбилиси"
  },
  {
    "country": "Германия",
    "capital": "Берлин"
  },
  {
    "country": "Гана",
    "capital": "Аккра"
  },
  {
    "country": "Греция",
    "capital": "Афины"
  },
  {
    "country": "Гренада",
    "capital": "Сент-Джорджес"
  },
  {
    "country": "Гватемала",
    "capital": "Гватемала"
  },
  {
    "country": "Гвинея",
    "capital": "Конакри"
  },
  {
    "country": "Гвинея-Бисау",
    "capital": "Бисау"
  },
  {
    "country": "Гайана",
    "capital": "Джорджтаун"
  },
  {
    "country": "Гаити",
    "capital": "Порт-о-Пренс"
  },
  {
    "country": "Гондурас",
    "capital": "Тегусигальпа"
  },
  {
    "country": "Венгрия",
    "capital": "Будапешт"
  },
  {
    "country": "Исландия",
    "capital": "Рейкьявик"
  },
  {
    "country": "Индия",
    "capital": "Нью-Дели"
  },
  {
    "country": "Индонезия",
    "capital": "Джакарта"
  },
  {
    "country": "Иран",
    "capital": "Тегеран"
  },
  {
    "country": "Ирак",
    "capital": "Багдад"
  },
  {
    "country": "Ирландия",
    "capital": "Дублин"
  },
  {
    "country": "Израиль",
    "capital": "Иерусалим"
  },
  {
    "country": "Италия",
    "capital": "Рим"
  },
  {
    "country": "Кот-д'Ивуар",
    "capital": "Ямусукро"
  },
  {
    "country": "Ямайка",
    "capital": "Кингстон"
  },
  {
    "country": "Япония",
    "capital": "Токио"
  },
  {
    "country": "Иордания",
    "capital": "Амман"
  },
  {
    "country": "Казахстан",
    "capital": "Нур-Султан"
  },
  {
    "country": "Кения",
    "capital": "Найроби"
  },
  {
    "country": "Кирибати",
    "capital": "Южная Тарава"
  },
  {
    "country": "Кувейт",
    "capital": "Эль-Кувейт"
  },
  {
    "country": "Кыргызстан",
    "capital": "Бишкек"
  },
  {
    "country": "Лаос",
    "capital": "Вьентьян"
  },
  {
    "country": "Латвия",
    "capital": "Рига"
  },
  {
    "country": "Ливан",
    "capital": "Бейрут"
  },
  {
    "country": "Лесото",
    "capital": "Масеру"
  },
  {
    "country": "Либерия",
    "capital": "Монровия"
  },
  {
    "country": "Ливия",
    "capital": "Триполи"
  },
  {
    "country": "Лихтенштейн",
    "capital": "Вадуц"
  },
  {
    "country": "Литва",
    "capital": "Вильнюс"
  },
  {
    "country": "Люксембург",
    "capital": "Люксембург"
  },
  {
    "country": "Мадагаскар",
    "capital": "Антананариву"
  },
  {
    "country": "Малави",
    "capital": "Лилонгве"
  },
  {
    "country": "Малайзия",
    "capital": "Куала-Лумпур"
  },
  {
    "country": "Мальдивы",
    "capital": "Мале"
  },
  {
    "country": "Мали",
    "capital": "Бамако"
  },
  {
    "country": "Мальта",
    "capital": "Валлетта"
  },
  {
    "country": "Маршалловы Острова",
    "capital": "Маджуро"
  },
  {
    "country": "Мавритания",
    "capital": "Нуакшот"
  },
  {
    "country": "Маврикий",
    "capital": "Порт-Луи"
  },
  {
    "country": "Мексика",
    "capital": "Мехико"
  },
  {
    "country": "Микронезия",
    "capital": "Паликир"
  },
  {
    "country": "Молдова",
    "capital": "Кишинев"
  },
  {
    "country": "Монако",
    "capital": "Монако"
  },
  {
    "country": "Монголия",
    "capital": "Улан-Батор"
  },
  {
    "country": "Черногория",
    "capital": "Подгорица"
  },
  {
    "country": "Марокко",
    "capital": "Рабат"
  },
  {
    "country": "Мозамбик",
    "capital": "Мапуту"
  },
  {
    "country": "Мьянма",
    "capital": "Нейпьидо"
  },
  {
    "country": "Намибия",
    "capital": "Виндхук"
  },
  {
    "country": "Науру",
    "capital": "Ярен"
  },
  {
    "country": "Непал",
    "capital": "Катманду"
  },
  {
    "country": "Нидерланды",
    "capital": "Амстердам"
  },
  {
    "country": "Новая Зеландия",
    "capital": "Веллингтон"
  },
  {
    "country": "Никарагуа","capital": "Манагуа"
  },
  {
    "country": "Нигер",
    "capital": "Ниамей"
  },
  {
    "country": "Нигерия",
    "capital": "Абуджа"
  },
  {
    "country": "Северная Корея",
    "capital": "Пхеньян"
  },
  {
    "country": "Северная Македония",
    "capital": "Скопье"
  },
  {
    "country": "Норвегия",
    "capital": "Осло"
  },
  {
    "country": "Оман",
    "capital": "Маскат"
  },
  {
    "country": "Пакистан",
    "capital": "Исламабад"
  },
  {
    "country": "Палау",
    "capital": "Нгерулмуд"
  },
  {
    "country": "Панама",
    "capital": "Панама"
  },
  {
    "country": "Папуа - Новая Гвинея",
    "capital": "Порт-Морсби"
  },
  {
    "country": "Парагвай",
    "capital": "Асунсьон"
  },
  {
    "country": "Перу",
    "capital": "Лима"
  },
  {
    "country": "Филиппины",
    "capital": "Манила"
  },
  {
    "country": "Польша",
    "capital": "Варшава"
  },
  {
    "country": "Португалия",
    "capital": "Лиссабон"
  },
  {
    "country": "Катар",
    "capital": "Доха"
  },
  {
    "country": "Республика Конго",
    "capital": "Браззавиль"
  },
  {
    "country": "Румыния",
    "capital": "Бухарест"
  },
  {
    "country": "Россия",
    "capital": "Москва"
  },
  {
    "country": "Руанда",
    "capital": "Кигали"
  },
  {
    "country": "Сент-Китс и Невис",
    "capital": "Бастер"
  },
  {
    "country": "Сент-Люсия",
    "capital": "Кастри"
  },
  {
    "country": "Сент-Винсент и Гренадины",
    "capital": "Кингстаун"
  },
  {
    "country": "Самоа",
    "capital": "Апиа"
  },
  {
    "country": "Сан-Марино",
    "capital": "Сан-Марино"
  },
  {
    "country": "Сан-Томе и Принсипи",
    "capital": "Сан-Томе"
  },
  {
    "country": "Саудовская Аравия",
    "capital": "Эр-Рияд"
  },
  {
    "country": "Сенегал",
    "capital": "Дакар"
  },
  {
    "country": "Сербия",
    "capital": "Белград"
  },
  {
    "country": "Сейшелы",
    "capital": "Виктория"
  },
  {
    "country": "Сьерра-Леоне",
    "capital": "Фритаун"
  },
  {
    "country": "Сингапур",
    "capital": "Сингапур"
  },
  {
    "country": "Словакия",
    "capital": "Братислава"
  },
  {
    "country": "Словения",
    "capital": "Любляна"
  },
  {
    "country": "Соломоновы Острова",
    "capital": "Хониара"
  },
  {
    "country": "Сомали",
    "capital": "Могадишо"
  },
  {
    "country": "Южная Африка",
    "capital": "Претория"
  },
  {
    "country": "Южная Корея",
    "capital": "Сеул"
  },
  {
    "country": "Южный Судан",
    "capital": "Джуба"
  },
  {
    "country": "Испания",
    "capital": "Мадрид"
  },
  {
    "country": "Шри-Ланка",
    "capital": "Шри-Джаяварденепура-Котте"
  },
  {
    "country": "Судан",
    "capital": "Хартум"
  },
  {
    "country": "Суринам",
    "capital": "Парамарибо"
  },
  {
    "country": "Швеция",
    "capital": "Стокгольм"
  },
  {
    "country": "Швейцария",
    "capital": "Берн"
  },
  {
    "country": "Сирия",
    "capital": "Дамаск"
  },
  {
    "country": "Тайвань",
    "capital": "Тайбэй"
  },
  {
    "country": "Таджикистан",
    "capital": "Душанбе"
  },
  {
    "country": "Танзания",
    "capital": "Додома"
  },
  {
    "country": "Таиланд",
    "capital": "Бангкок"
  },
  {
    "country": "Того",
    "capital": "Ломе"
  },
  {
    "country": "Тонга",
    "capital": "Нукуалофа"
  },
  {
    "country": "Тринидад и Тобаго",
    "capital": "Порт-оф-Спейн"
  },
  {
    "country": "Тунис",
    "capital": "Тунис"
  },
  {
    "country": "Турция",
    "capital": "Анкара"
  },
  {
    "country": "Туркменистан",
    "capital": "Ашхабад"
  },
  {
    "country": "Тувалу",
    "capital": "Фунафути"
  },
  {
    "country": "Уганда",
    "capital": "Кампала"
  },
  {
    "country": "Украина",
    "capital": "Киев"
  },
  {
    "country": "Объединенные Арабские Эмираты",
    "capital": "Абу-Даби"
  },
  {
    "country": "Великобритания","capital": "Лондон"
  },
  {
    "country": "США",
    "capital": "Вашингтон"
  },
  {
    "country": "Уругвай",
    "capital": "Монтевидео"
  },
  {
    "country": "Узбекистан",
    "capital": "Ташкент"
  },
  {
    "country": "Вануату",
    "capital": "Порт-Вила"
  },
  {
    "country": "Ватикан",
    "capital": "Ватикан"
  },
  {
    "country": "Венесуэла",
    "capital": "Каракас"
  },
  {
    "country": "Вьетнам",
    "capital": "Ханой"
  },
  {
    "country": "Йемен",
    "capital": "Сана"
  },
  {
    "country": "Замбия",
    "capital": "Лусака"
  },
  {
    "country": "Зимбабве",
    "capital": "Хараре"
  },
  {
    "country": "Палестина",
    "capital": "Рамалла"
  },
  {
    "country": "Косово",
    "capital": "Приштина"
  },
  {
    "country": "Западная Сахара",
    "capital": "Эль-Аюн"
  },
  {
    "country": "Абхазия",
    "capital": "Сухум"
  },
  {
    "country": "Южная Осетия",
    "capital": "Цхинвал"
  },
  {
    "country": "Северный Кипр",
    "capital": "Никосия"
  },
  {
    "country": "Сомалиленд",
    "capital": "Харгейса"
  },
  {
    "country": "Тайвань",
    "capital": "Тайбэй"
  }
]
